Product ID,Sales Volume (L),Product Category,Price per Liter (IDR),Advertising Spend (USD),Number of Retailers,Temperature (Â°C),Holiday Season,Market Share (%),Competitor Price per Liter (IDR)
101,25795,Energy Drink,29371,8629,592,21.7219539087692,0,6.1,18711
102,10860,Water,36142,8628,677,34.122993654266615,1,8.9,35860
103,48158,Soda,14693,17288,636,31.763092615479003,1,5.7,28134
104,21284,Water,13991,16431,620,26.93586765368811,1,4.9,25261
105,16265,Soda,20154,16883,467,32.97443907672803,1,6.3,16960
106,26850,Soda,17264,13210,596,23.741873064398483,1,7.7,17579
107,47194,Soda,40768,16595,655,30.756808527082903,1,5.5,11606
108,31962,Juice,19234,17871,538,32.841987485206154,0,9.5,14335
109,26023,Energy Drink,44203,17743,548,25.35153067434909,1,4.4,30043
110,11685,Soda,23117,16196,498,31.361966681760766,1,5.8,41350
111,10769,Soda,18009,11132,475,24.42608523896464,1,8.1,20941
112,12433,Juice,38060,14324,681,24.482857028885462,1,7.5,22311
113,15311,Soda,33737,16531,508,21.60585767831279,0,8.9,15151
114,47819,Water,28440,11588,587,26.600870697640982,0,10.0,24366
115,49188,Water,30326,8311,598,30.94567859746133,1,5.4,12506
116,27568,Energy Drink,35733,11048,553,34.10331208356928,1,2.9,42219
117,29769,Soda,19539,16564,439,29.05695487893644,1,2.2,33967
118,38693,Juice,44879,19937,532,32.947033066036084,0,7.8,44687
119,16396,Water,44168,11246,531,32.33741973935341,0,9.0,41045
120,37480,Juice,33460,5987,678,22.600145794629213,0,3.8,27213
121,35658,Juice,18584,8321,483,27.287261433689473,0,3.3,28789
122,28942,Water,34447,9615,641,21.753853032880873,0,2.5,17681
123,28431,Juice,14382,18146,515,30.232297423424527,0,8.6,26843
124,12747,Water,13011,13365,508,34.24849502369114,1,4.5,41727
125,10189,Juice,20503,18654,620,22.056341871181345,0,5.2,12966
126,29118,Water,27266,8741,440,31.008246962038122,0,6.0,40395
127,45773,Soda,40652,8052,546,29.483572263017912,1,8.7,22756
128,11899,Energy Drink,35996,11574,511,28.754075555121496,0,7.2,41608
129,11267,Water,36509,5726,502,25.851803520325088,1,6.9,43004
130,41551,Water,26041,8760,445,25.326974716307188,0,3.4,33891
131,21394,Energy Drink,23415,10806,670,20.678737835283318,1,6.1,33674
132,13556,Water,24244,6875,594,23.2686306237802,1,7.7,26530
133,13890,Water,44592,11993,679,20.227653234302405,1,9.8,39449
134,40740,Juice,13323,18969,682,28.72125658373031,1,3.6,43704
135,24502,Energy Drink,40612,9033,439,21.587798538168634,1,2.1,37409
136,31777,Soda,31096,10443,588,33.09529091044574,0,2.6,32240
137,20627,Water,26474,5989,563,27.847145310457478,0,5.0,31729
138,18792,Energy Drink,35933,8744,423,30.495348635880624,1,8.6,39919
139,18433,Juice,28060,15878,423,26.162856377607447,1,2.1,29515
140,21016,Soda,40822,13611,403,28.40869713501573,1,5.7,38380
141,33897,Energy Drink,41723,5593,689,34.13988765449946,0,4.6,28424
142,12612,Soda,25916,19820,580,21.24101059435506,1,2.4,13357
143,33483,Soda,21135,6774,647,23.809066578855443,1,5.6,24208
144,27159,Soda,31547,15651,515,31.699824903658165,1,4.0,26249
145,24541,Water,42107,5935,678,21.481058103239988,1,4.8,16029
146,45920,Water,18951,18395,468,21.134916558561663,0,7.6,14709
147,36531,Juice,32557,18424,653,25.42312098131058,1,6.2,29321
148,11585,Juice,32841,8808,580,21.382519377086485,1,3.0,14123
149,13943,Energy Drink,36192,5331,568,28.776176633093044,0,9.7,21474
150,33939,Juice,16341,16641,648,23.394128762248997,1,7.1,36380
151,29457,Soda,35622,12922,587,33.435469447990585,1,8.1,43799
152,11021,Soda,41998,7702,453,31.75250121267885,0,2.6,35478
153,21653,Water,17929,19376,537,30.495578091492142,0,2.4,44751
154,23417,Soda,19838,17198,567,29.25416041076753,0,2.2,34818
155,19692,Energy Drink,44056,10889,502,32.95198595512195,1,3.5,21165
156,16873,Soda,17972,10054,484,23.345930923141353,1,5.3,33931
157,15675,Soda,40194,8868,611,33.096632641463415,0,9.5,34947
158,10161,Energy Drink,28245,9200,402,31.842384476360785,0,5.7,23795
159,47065,Juice,20158,5201,578,31.222412395815283,0,4.3,11847
160,36557,Juice,40734,7497,437,28.41883517112386,1,6.5,34982
161,43763,Energy Drink,26695,6842,638,23.693662414559,1,2.9,11982
162,42606,Water,28988,15058,568,26.353218739878443,0,6.9,32552
163,21534,Soda,23854,15188,429,31.903559818082023,1,6.5,16772
164,39127,Energy Drink,31567,18577,589,20.476677265359868,0,8.3,30339
165,35851,Soda,17396,14101,424,31.730761538956372,1,9.9,28257
166,11016,Water,24905,17497,511,23.601061107313498,1,4.0,11706
167,34253,Soda,43990,9658,605,22.164638010824046,1,6.1,23496
168,34276,Energy Drink,20518,16381,584,21.73551977270453,1,9.3,31536
169,33247,Soda,33672,12544,446,20.408750179262228,0,8.3,39890
170,34300,Juice,22731,12718,627,27.853797278321792,1,5.9,41241
171,18529,Water,37524,18851,438,23.273898090405943,1,9.6,27579
172,27262,Water,16318,5770,415,34.841476486694475,0,2.5,35834
173,19268,Water,44004,8155,421,28.616551338083084,1,9.4,21930
174,31271,Energy Drink,26975,15693,612,22.06827904034016,0,2.4,22798
175,22185,Water,19789,15906,548,30.33143811217048,0,6.4,17813
176,31243,Juice,14425,17916,640,33.46615349764588,1,9.1,30215
177,49099,Energy Drink,17602,16777,671,31.177692430544216,1,4.1,21866
178,18571,Juice,29152,6628,458,21.146597915591716,0,5.8,14097
179,49976,Soda,23121,18989,686,33.43826271788989,0,4.6,34368
180,48044,Soda,39353,5386,601,31.90894078789947,0,9.6,35136
181,12568,Soda,26219,11031,431,22.374558501584215,1,8.6,23399
182,12027,Soda,20207,16613,561,20.776788330992254,0,7.7,13839
183,12695,Juice,32365,11439,654,28.359658629714627,0,6.7,25637
184,15258,Energy Drink,35323,11401,653,22.340537170099655,0,8.6,26178
185,32002,Energy Drink,17512,18392,408,32.51886428892908,1,5.1,33817
186,49504,Water,17531,9008,538,25.375019850075105,0,5.6,21895
187,43159,Juice,13210,17285,409,33.69338667104863,1,7.8,34287
188,23986,Soda,36301,17555,613,28.48532258211509,1,4.9,40662
189,22666,Juice,33905,7466,672,22.740085763595022,0,2.5,19265
190,48660,Water,27662,7282,447,22.093983010397,1,2.6,44288
191,13561,Water,39857,6856,510,28.647086563366308,0,2.9,24289
192,36854,Juice,38587,12980,552,31.428254177936658,1,9.0,20269
193,48952,Juice,31316,6998,522,31.72258471613273,1,5.8,25476
194,32662,Juice,40652,10476,501,24.13636106661922,0,7.7,14435
195,18392,Energy Drink,18792,14428,640,23.063701383682513,0,5.1,15492
196,40535,Soda,15693,9669,590,20.251344567385736,0,4.1,25237
197,23067,Juice,20901,17336,616,30.18798726801754,1,4.8,36982
198,33599,Juice,13883,14342,450,21.148523876503084,1,8.4,41635
199,45222,Juice,29528,9318,691,26.311418026488887,0,7.0,33687
200,21837,Water,42907,12064,480,29.02523246027444,0,9.5,14801
201,24039,Water,13298,12446,487,34.05663417379515,1,7.4,33930
202,40818,Energy Drink,16029,6431,593,24.67703205433653,1,6.6,32695
203,29115,Soda,26922,10624,503,23.746582436697796,1,6.9,38444
204,20965,Energy Drink,42817,12461,670,29.812402314291475,0,9.5,39102
205,34538,Soda,22433,6819,495,29.288585480803725,1,8.3,40551
206,15056,Water,28738,15516,597,24.981646749621866,0,2.2,25226
207,42482,Water,13371,18749,400,33.9215275326468,1,6.3,34802
208,18110,Water,16895,6130,566,32.67293491234449,1,7.5,20303
209,23773,Energy Drink,44558,18969,525,23.359738187976216,0,8.0,44977
210,37266,Juice,43848,11563,480,23.587138181517847,0,3.7,17167
211,27412,Juice,12163,7658,650,27.68450520330621,0,8.9,11591
212,43270,Water,43409,8500,568,31.603581525960806,1,9.6,16272
213,16910,Juice,33090,13566,472,20.660605690826966,1,3.9,37435
214,35446,Juice,40641,7120,540,30.4000273060206,1,9.1,26328
215,10206,Energy Drink,27006,9020,469,29.723538460731454,0,2.8,26353
216,31518,Soda,29014,15213,661,23.472201438694825,1,2.4,43482
217,32361,Water,28131,16897,644,30.22029519862023,0,3.0,42287
218,33419,Water,34006,18341,402,34.102747868781236,0,2.5,21752
219,32403,Energy Drink,16608,8259,462,20.70178767457653,0,8.8,18305
220,28141,Energy Drink,12989,16627,448,24.79478082938094,1,2.5,39886
221,24820,Juice,22161,15081,475,26.57265074999533,1,4.2,41828
222,16374,Water,35254,6823,574,33.488905383870346,0,2.8,29528
223,11678,Soda,18661,6474,508,34.43392169913735,1,4.4,32493
224,43827,Energy Drink,34223,7242,582,26.661728697444985,0,2.7,19920
225,26198,Soda,44007,18467,591,31.25042618213287,0,7.3,38277
226,19914,Soda,15098,8243,464,27.974915356467243,1,3.1,32584
227,37890,Water,34195,11990,670,28.06674402112065,0,8.8,28243
228,32299,Water,26643,10160,499,24.171492725995346,0,8.5,13278
229,12693,Energy Drink,40648,8134,431,23.254343687958194,1,2.1,42162
230,39467,Water,17845,7070,527,24.320080188860615,0,9.2,32021
231,39723,Water,34856,5359,442,28.34492010885619,0,2.2,17753
232,13627,Water,39657,19895,477,20.437327790331334,0,3.9,31715
233,35939,Soda,43172,15233,688,33.608734165346085,0,2.3,34114
234,31834,Energy Drink,34547,6141,669,22.344255643246644,0,4.7,28994
235,28047,Juice,28406,6635,561,23.301330153070797,0,6.1,35485
236,36105,Soda,32388,18691,588,27.774142646714694,0,8.4,30874
237,20230,Water,40673,9000,646,30.651721495059192,1,4.7,43237
238,25707,Soda,30830,15135,615,21.43593582116596,1,7.6,13062
239,31976,Water,13002,17966,567,24.765420463207434,0,3.5,14835
240,33776,Water,42721,8361,592,34.53011908361536,0,8.0,17111
241,40080,Soda,34754,11583,682,23.935144501714184,1,3.9,34543
242,11306,Energy Drink,34324,12835,412,24.695752175947202,1,3.1,33038
243,16776,Water,19117,16172,639,32.5474773592705,1,3.5,41356
244,37251,Energy Drink,33743,5006,546,20.75321647535683,1,3.5,35984
245,19474,Juice,24997,8267,603,26.96919753213456,1,6.1,28406
246,31959,Water,33490,11564,479,25.694251466775054,0,8.8,44724
247,15530,Energy Drink,15517,14783,442,24.748801398629766,1,2.6,20231
248,39320,Energy Drink,33708,9928,488,24.28549391067147,1,7.7,39370
249,13748,Juice,44980,16456,547,21.37061157290614,1,7.2,25654
250,41968,Energy Drink,13590,7606,494,24.722387440274733,0,9.0,33144
251,42562,Energy Drink,44246,16411,550,20.64578604073503,0,4.0,35795
252,23545,Juice,25427,10906,401,31.71445795466653,0,5.6,32639
253,10663,Water,40734,8273,421,25.973416909370176,0,9.4,15992
254,44766,Energy Drink,37818,12611,406,26.658557484798674,0,7.3,26199
255,17994,Energy Drink,30711,5913,605,33.403918796751974,0,5.1,30198
256,38021,Energy Drink,36368,7011,513,29.870824757918314,1,3.1,39905
257,40303,Soda,40991,6442,671,20.120886550131797,0,4.1,26223
258,13304,Juice,25336,10546,482,34.147622344419275,0,6.6,42257
259,49353,Soda,22792,16246,578,23.557166989665667,1,7.7,26112
260,27675,Juice,34030,18790,609,21.61421277139788,0,3.0,29771
261,33938,Water,38658,16738,523,31.521922675713235,1,6.8,38124
262,33664,Water,37155,17413,512,27.507159738000773,1,6.4,30928
263,11636,Energy Drink,38327,19730,411,26.506558490270265,0,6.1,43657
264,30080,Juice,26374,18104,525,23.742546195241125,1,7.5,33536
265,37728,Water,38988,16120,452,28.21207234793478,1,8.7,28891
266,36736,Juice,15966,6829,682,24.115769078038813,1,4.6,12046
267,38673,Water,29968,13767,539,33.52374507930601,1,9.1,25213
268,47505,Soda,12190,11468,496,23.22806719599789,0,3.3,21349
269,10854,Water,22711,18703,404,33.2653272568363,1,3.4,36498
270,34548,Soda,24093,5929,456,28.391081385910354,0,4.1,18279
271,48623,Water,25073,16951,468,32.42732200842862,1,3.0,18176
272,17392,Energy Drink,34950,8699,517,30.692689937914324,1,3.8,17646
273,31556,Soda,24822,14655,458,30.450426671551227,1,2.9,15489
274,48559,Water,26806,16467,432,24.865187115425837,0,8.6,21746
275,36309,Energy Drink,19838,18120,449,23.508453972083053,0,3.1,41149
276,31919,Soda,24317,6054,418,23.16329341521182,0,8.0,37403
277,14931,Energy Drink,19499,10744,613,32.857874855893826,1,2.4,36064
278,42970,Juice,14415,6900,596,32.3064023038853,1,9.6,38160
279,22688,Juice,31913,14649,446,26.60860292018461,1,7.7,20342
280,35342,Soda,34051,11980,566,21.98606920244682,1,2.1,41201
281,47157,Water,32443,12069,688,25.733783779661877,0,8.1,15883
282,12327,Soda,27295,14591,540,29.290151812053672,1,6.1,22601
283,10197,Energy Drink,24532,8415,483,26.816047317199292,0,8.2,31052
284,33509,Water,40490,5442,581,31.702839027244924,1,6.2,14723
285,44698,Juice,29129,16842,478,34.96434233377078,0,7.1,35891
286,25087,Water,27813,11218,614,22.866981326733452,0,8.3,24319
287,32671,Juice,12846,9652,413,26.89476229489359,1,5.2,37723
288,35184,Water,23261,12939,614,26.464758528812332,1,2.0,27885
289,37848,Water,24546,12833,527,24.567387991234263,0,8.8,17354
290,30666,Water,25161,14370,647,22.971432750804343,1,5.0,36048
291,25708,Energy Drink,31145,12597,428,20.98538174734489,1,6.0,19759
292,36370,Energy Drink,29608,19325,679,33.30678975835548,0,2.1,27814
293,12811,Soda,32060,9458,601,26.297730465294762,0,5.9,13799
294,16546,Soda,37241,11591,456,27.453432777500733,0,9.9,32102
295,44754,Juice,38828,14449,617,33.75413072301374,0,4.2,33722
296,40206,Energy Drink,35698,16826,461,31.64435716273922,1,5.2,24030
297,21411,Juice,43532,15033,556,21.957518961757764,0,7.5,43461
298,12911,Soda,12601,7309,601,28.481299514116138,0,8.5,40753
299,11734,Juice,18460,19138,416,26.633784147793385,0,5.3,35143
300,28227,Soda,12249,11268,405,31.95816608868144,1,4.5,35335
301,18680,Energy Drink,33366,5910,457,30.863488214179238,0,9.5,19768
302,29360,Water,41635,9340,568,30.35608582866608,1,7.4,33417
303,28343,Energy Drink,20034,17829,481,25.108172532198452,0,3.0,17939
304,15759,Juice,42592,9009,618,32.07445595598882,0,2.6,16110
305,33078,Juice,13988,11628,576,20.78586943392292,1,5.9,44982
306,45153,Energy Drink,42836,7169,603,22.394373521482507,0,3.8,32255
307,21111,Energy Drink,23603,7172,470,25.034349094668677,0,4.0,25795
308,47504,Soda,15346,10668,665,21.15211161603922,1,9.0,20975
309,11802,Juice,28033,11313,497,23.524914163020373,0,2.7,31632
310,18155,Juice,20473,13315,690,32.45226474496877,0,7.7,12923
311,18120,Energy Drink,21400,13036,607,34.22377306685119,0,4.2,14445
312,49384,Water,22140,16350,401,24.569035336612856,0,8.1,12358
313,31918,Juice,38499,11789,523,23.967737059832572,1,7.8,28096
314,30445,Water,29792,19019,679,24.198389783696403,0,2.1,31520
315,40306,Energy Drink,22273,5785,473,24.165786310262657,1,6.1,13358
316,26646,Energy Drink,32141,11139,565,20.538952732789596,0,3.1,35591
317,41065,Soda,35632,11344,421,33.90374519496662,1,8.9,19025
318,35199,Juice,20996,7416,553,23.205472123554927,0,9.0,34375
319,26371,Water,25647,13988,694,26.300061111221076,1,5.3,44389
320,21835,Soda,16022,17364,618,20.145303241114515,0,5.6,34574
321,12049,Juice,17977,9154,556,32.86932636372586,1,4.4,41057
322,41616,Soda,34476,19766,629,30.96736016682376,1,7.7,43251
323,48191,Energy Drink,17987,19973,419,34.20134052760555,0,4.9,27677
324,30932,Juice,29330,10619,440,31.724232187945987,1,4.1,34953
325,39855,Soda,35398,6936,547,24.70559768078098,0,5.5,40003
326,17158,Soda,15526,15348,507,23.718100380926355,0,2.7,23285
327,17400,Water,30721,8807,483,30.465744613299393,0,8.0,20072
328,25151,Soda,20466,12151,689,25.461691625157492,0,2.1,43197
329,11154,Juice,43776,14493,533,28.49322523628925,0,7.2,35762
330,14499,Juice,27957,17355,606,20.093862065397055,1,3.5,18664
331,16295,Water,38597,16332,682,20.92828552520713,0,3.9,26406
332,22183,Juice,30157,8236,665,28.03051911772477,0,7.1,38130
333,39299,Energy Drink,13432,7352,472,28.491074696722478,0,9.9,29713
334,22874,Juice,32893,6932,447,31.271794166890153,0,8.2,33185
335,42711,Juice,43396,15913,632,21.979479794359428,0,3.8,36689
336,15539,Soda,31853,13556,499,27.69774625635168,0,3.4,32242
337,12557,Soda,39033,9916,458,22.91671466647533,1,8.9,29477
338,48360,Juice,41178,10498,657,21.39794179344042,1,5.6,36549
339,26482,Water,19526,15582,464,26.15743691090832,0,3.1,35805
340,12200,Soda,18997,5946,482,22.45004972133586,1,8.9,32508
341,12961,Water,32162,18865,553,23.326729672884778,0,8.5,23392
342,31357,Juice,25563,14569,665,24.763318698042525,0,9.9,24946
343,21969,Juice,39715,6439,478,23.890826011147944,0,9.3,44002
344,12869,Energy Drink,41700,16372,549,21.313869461089197,0,8.8,15043
345,38643,Soda,23662,12730,447,21.348743672895534,0,2.4,20312
346,34736,Juice,19816,9857,647,22.898741228512524,1,2.8,27868
347,48467,Energy Drink,37757,5340,677,20.758387819393086,1,6.6,39489
348,33328,Soda,21068,16181,497,29.396855295153905,1,6.3,16774
349,35876,Juice,39146,5382,424,24.309900747633527,1,5.7,20597
350,31295,Juice,25983,18291,683,24.196189516536066,0,5.2,13470
351,13987,Soda,34029,14748,467,24.979974413566477,1,5.4,35077
352,32399,Soda,15152,13491,406,29.941944113145823,0,6.6,19289
353,43986,Soda,32587,5138,536,33.05950822225236,1,2.0,24367
354,30880,Juice,26908,5358,563,31.386303988334575,1,4.1,26224
355,14735,Juice,31358,9931,482,30.912938453376427,1,6.1,41331
356,14555,Energy Drink,17544,14714,537,27.26586778401274,1,7.8,25132
357,29830,Water,36316,8456,472,30.407083354511176,0,3.4,16151
358,27429,Soda,40472,6627,636,28.291435520503747,1,6.4,28945
359,16893,Juice,19152,19270,445,23.243757922797933,1,7.7,43749
360,24373,Juice,15158,14495,505,23.12882551611576,0,5.6,31759
361,13436,Soda,12780,11626,687,24.44588010312925,0,2.2,44439
362,18754,Water,33185,10004,661,33.6620400645472,1,5.6,39637
363,20677,Soda,32034,14326,575,28.211222605695887,0,4.4,12463
364,15895,Water,30041,15378,565,31.00858065502804,0,9.4,33470
365,29738,Juice,19654,18283,544,25.198381397248212,0,3.0,20928
366,40746,Water,24899,19770,682,26.11573655997838,1,7.2,30137
367,42352,Energy Drink,31617,11652,453,21.883483679558772,0,2.4,20677
368,49790,Juice,28393,11416,577,22.569424367325055,1,5.6,23024
369,15600,Energy Drink,44596,8170,643,32.41034832239218,1,6.4,42406
370,39124,Soda,16502,8835,526,28.77257947533323,1,4.4,18224
371,37643,Soda,34939,13017,670,25.062986988257283,1,5.6,40751
372,19007,Soda,25342,7151,531,32.04276813493319,0,3.3,12277
373,47410,Water,26130,14429,492,23.697798584569746,1,4.4,14317
374,18208,Juice,35680,19072,472,34.640490479003056,0,7.0,40095
375,28589,Soda,34850,16927,647,25.172264116192547,1,4.4,32531
376,27453,Soda,44711,11905,672,25.059664312268414,0,9.2,36469
377,46212,Juice,16237,7834,442,24.678678583050576,1,7.0,18317
378,42635,Soda,15435,17452,440,21.83167273886432,0,5.5,29376
379,43828,Energy Drink,35903,14190,569,21.667057209980186,1,2.3,36131
380,28711,Juice,31086,7567,611,29.72157551801185,1,6.0,32421
381,13420,Juice,21047,6307,567,33.1267706683707,0,8.1,27169
382,41216,Juice,14620,19852,438,31.857807654075103,1,4.1,43642
383,10301,Energy Drink,14826,13848,644,22.116613910320268,1,8.5,34070
384,10699,Juice,41508,7660,550,28.183731826880997,1,4.0,41886
385,10190,Energy Drink,18331,15403,510,21.5838731896496,0,8.6,35879
386,20492,Juice,22671,15101,446,20.679419654196163,1,2.7,36071
387,45743,Water,19479,8730,462,29.845787890771508,1,8.9,13950
388,16102,Soda,23714,15238,624,28.027285005205254,0,6.0,23381
389,29778,Water,14290,11207,468,21.230355278172063,0,4.4,40219
390,36641,Soda,29128,8162,698,20.524088696089827,0,4.1,19100
391,44584,Energy Drink,14231,6140,689,34.84634620114002,0,5.5,15148
392,42745,Water,38411,19177,695,20.450319982236078,0,10.0,22256
393,33093,Juice,19712,13458,602,26.667923795752394,1,3.8,18689
394,10569,Soda,29820,15037,460,27.569285369115434,1,2.8,42478
395,48210,Soda,41042,6708,560,21.759202217006674,1,6.7,40543
396,44663,Water,33478,8630,415,22.535926676595743,0,5.9,28114
397,46631,Energy Drink,29587,8211,493,25.277075096155286,1,6.2,13320
398,17455,Water,22703,15485,537,31.42513814320494,0,7.3,35366
399,14014,Energy Drink,22989,16924,437,27.606236360904,0,4.1,32290
400,21093,Energy Drink,34093,17021,526,29.568528118294424,1,9.3,44006
401,28070,Soda,44806,11538,674,34.77761832636012,0,5.5,30114
402,45777,Water,33840,14702,563,31.520081529698146,0,3.0,22603
403,26538,Water,30406,5475,476,26.515422472118267,1,7.9,28766
404,20729,Energy Drink,36111,12684,573,26.69662882694823,0,7.1,44300
405,44177,Water,27351,14168,490,29.281581155615076,0,4.5,34752
406,10784,Juice,13984,6207,637,29.980478126283565,1,7.0,33929
407,37751,Juice,30555,18331,663,27.51066388755007,0,3.8,19373
408,22533,Water,43601,6960,578,29.672918342224698,0,5.6,36346
409,49974,Water,17784,5557,608,20.35298741621148,1,9.2,36571
410,15801,Energy Drink,34770,18305,472,26.444342958452662,1,3.1,21958
411,29190,Juice,18630,18893,506,24.18407114110215,1,5.1,27575
412,48754,Juice,29682,5882,694,21.937616678646656,1,8.6,21192
413,39592,Soda,15190,15386,683,21.493197692131627,0,9.8,19981
414,20647,Energy Drink,26862,9761,581,29.04788248422001,0,5.6,12123
415,18716,Soda,36953,15859,436,27.854008207289176,1,6.1,20875
416,33355,Juice,23469,10867,536,23.803761754945537,0,6.6,29946
417,32009,Energy Drink,33942,11963,455,27.064250881587718,0,9.5,11304
418,34376,Water,38249,18151,586,27.383484727736125,1,8.9,20808
419,14780,Energy Drink,42596,17869,657,22.925134706579236,1,3.4,40997
420,12368,Water,19743,12166,457,29.78139592822476,0,5.5,31285
421,22039,Water,25177,17982,522,31.713790345791356,1,5.7,31765
422,16655,Energy Drink,17029,12929,587,31.871953113342784,1,8.3,24863
423,14495,Water,44751,10347,629,29.037047460551825,1,6.8,34080
424,20893,Soda,42591,12269,567,27.67457873778521,0,7.2,17660
425,35547,Juice,29818,14802,513,20.915107145080924,1,10.0,38882
426,32386,Water,39787,16680,651,24.317469482774086,0,2.6,15188
427,23403,Soda,29191,13125,506,21.399071701672547,0,3.8,33390
428,42097,Water,32578,18527,436,34.457347413177104,0,5.3,22763
429,23121,Juice,14941,7454,491,22.02620219338641,1,4.8,36478
430,20966,Soda,36923,9494,417,22.27663114776653,1,2.2,29804
431,43621,Juice,16214,6946,462,33.343649274957386,1,2.7,26516
432,38312,Juice,39260,18002,549,34.15892425214687,1,7.4,16968
433,32677,Soda,37806,17991,538,31.487435588523645,1,9.0,32742
434,41289,Soda,35388,7808,585,20.081073855090047,0,6.1,44148
435,41024,Soda,13193,11642,584,20.020194064348455,0,6.3,39114
436,14777,Energy Drink,22003,8825,604,25.67151154681176,0,4.0,13275
437,39749,Soda,20682,8536,659,22.150930550163388,1,8.1,23947
438,25338,Soda,23884,19002,613,20.27579213227396,0,8.0,42488
439,12491,Soda,14892,11068,655,26.96100034106757,0,6.7,28227
440,37236,Soda,42919,8802,534,34.145928461104575,1,3.7,33596
441,24599,Water,30275,17369,460,24.85729362353647,1,2.8,42050
442,29508,Energy Drink,22082,9699,487,29.917110176430448,0,2.5,40740
443,13051,Juice,25100,6970,606,29.783530296986612,0,6.7,28186
444,31606,Soda,26757,10806,528,23.766201554977517,1,8.6,26020
445,31699,Water,31819,11142,402,29.756378732357966,1,8.9,22714
446,10876,Water,29017,17014,641,23.185009614303368,1,5.7,35516
447,42093,Water,42339,7819,520,21.830111203653335,1,8.3,20935
448,14142,Juice,28399,14094,501,30.520749283395354,0,9.6,19683
449,25202,Soda,44741,5364,437,21.70161225655875,0,4.2,23273
450,49734,Energy Drink,40097,9258,532,34.95363827884033,1,5.2,17231
451,17079,Energy Drink,18880,8119,601,22.75178601725344,0,9.5,34710
452,17987,Water,42709,15750,420,28.912127941346863,0,4.7,32048
453,49567,Juice,15840,6863,641,26.17061857118884,1,9.3,27547
454,38940,Juice,38975,5115,508,21.895796336085006,0,9.8,24423
455,47233,Juice,24560,12084,483,20.4176586136612,0,7.3,41930
456,27019,Energy Drink,40973,13016,482,29.3409842343925,0,8.5,12232
457,28077,Water,40645,7384,690,32.10136345683689,1,8.0,37207
458,36258,Soda,38595,18168,468,32.63023492260116,1,7.6,41689
459,31136,Energy Drink,38071,8935,528,27.240702096154017,0,4.5,26314
460,18311,Water,22054,18127,595,31.661832007735782,1,2.5,29835
461,27214,Water,14670,19482,539,30.09270700232817,1,4.7,43125
462,24098,Soda,25298,12742,682,30.863817912487,1,7.3,18414
463,38251,Soda,17726,10442,633,27.38898507832721,0,2.8,28804
464,47945,Soda,34933,7490,422,29.501176103631906,0,2.1,27271
465,35945,Juice,23421,11980,552,32.082888703640855,1,3.1,19970
466,35316,Soda,44195,18324,676,25.968262633355344,0,7.7,38877
467,42217,Water,33152,14134,460,32.08968351301375,0,9.8,41611
468,18308,Soda,39141,12661,451,28.880252641835945,0,9.9,37640
469,15949,Water,16373,6724,552,22.488515365561796,0,6.0,17843
470,11150,Energy Drink,40446,15526,636,20.37026235836877,0,9.0,14177
471,33944,Juice,42450,13182,431,25.44130400598728,1,7.9,31683
472,44699,Energy Drink,28073,7767,454,28.200444924445097,0,6.0,13176
473,19204,Energy Drink,32006,6137,435,32.59730528305232,0,6.6,33957
474,11081,Water,37238,15719,509,21.912285202103693,0,3.1,29151
475,39305,Energy Drink,17769,9117,576,32.00309521525369,1,9.5,33619
476,26896,Water,28584,8420,694,32.9451356910084,1,4.8,31168
477,17805,Soda,25155,10845,496,22.260312305012505,1,5.6,25516
478,15237,Soda,16830,9778,612,32.773914789563285,0,7.4,18029
479,30056,Water,24128,8906,536,34.87180351764188,1,4.7,21567
480,13343,Soda,14249,8637,405,30.90258246572356,1,4.0,28951
481,23500,Juice,12851,7953,508,31.77154522737482,1,7.0,33250
482,39375,Energy Drink,16460,10929,434,34.9162290133831,1,2.2,37557
483,19662,Juice,43782,15559,438,29.08221875788918,0,7.8,37142
484,26964,Energy Drink,30134,17413,549,24.61829573024374,1,6.1,44078
485,18130,Soda,43872,5276,517,32.56296251114084,1,6.8,20897
486,29531,Juice,26272,6999,660,29.217286662674468,0,7.1,13649
487,11679,Soda,22289,6227,486,28.71793135581435,0,6.2,22915
488,13506,Energy Drink,28702,11337,475,23.804533332710573,1,6.7,36336
489,23284,Water,26503,16944,613,31.345014043743298,0,7.5,26036
490,17253,Water,15486,8735,684,21.225009137901445,1,8.0,38850
491,29128,Juice,33147,5695,638,33.86430606191992,0,7.8,29789
492,37932,Soda,19129,14501,564,24.88735191155727,0,9.0,42630
493,19435,Soda,32446,9152,486,21.916619791849858,1,3.5,43240
494,23296,Juice,33456,12901,540,26.63549799653628,0,5.2,13589
495,40445,Water,17016,12470,559,20.637048638847997,1,9.6,26653
496,23245,Energy Drink,14024,16426,445,30.269392913974492,0,5.2,31827
497,39124,Juice,37765,17306,511,33.54058265668034,1,3.0,19885
498,39899,Energy Drink,27173,12537,444,32.55894510707763,0,6.2,24988
499,45247,Water,13919,15503,646,21.910542101718217,0,2.9,34121
500,39222,Soda,44830,7841,503,21.894067056615977,0,3.6,18902
501,36211,Water,13906,9208,484,32.20151723486396,0,10.0,31566
502,47220,Juice,34936,16751,533,33.86381411904674,0,6.3,34788
503,36646,Soda,44461,16590,507,26.910047447502336,1,4.3,14304
504,48649,Juice,19892,13733,417,27.48456675370649,0,10.0,28041
505,33049,Juice,16694,15886,493,24.77393062078589,1,9.7,20128
506,24069,Water,16005,17866,549,33.41397677384621,1,5.5,35698
507,42580,Juice,22008,6088,645,29.67354357938534,1,4.1,17647
508,41843,Water,15334,8363,688,24.32377365751053,0,8.7,41363
509,12849,Soda,34841,5024,608,24.481743065813774,1,7.7,25794
510,33289,Water,14055,14764,525,33.368001095954035,0,7.5,17932
511,45257,Soda,28810,11144,634,20.20451035858732,1,9.1,26033
512,19823,Water,44890,16150,521,24.840898590899577,1,7.5,25045
513,19540,Energy Drink,38861,10668,537,28.315350218245534,1,4.3,25726
514,26364,Energy Drink,32302,9236,514,22.22326193148987,1,7.6,31012
515,14611,Juice,22106,14959,561,21.38148131299385,1,4.4,28839
516,37663,Water,32588,17935,600,32.2291449663584,0,8.1,16304
517,48646,Water,29392,13068,633,33.41606582972761,1,7.0,13463
518,40977,Soda,26060,7235,427,32.35409631197284,1,2.6,35867
519,39168,Juice,16313,12295,410,33.481818346060216,0,6.1,30140
520,35471,Water,41257,13392,605,28.29667956587557,0,4.7,23366
521,32687,Juice,26842,16390,566,32.18387181485513,0,4.6,38532
522,10851,Energy Drink,18422,13448,646,25.760639575866506,1,6.8,24346
523,28071,Water,24136,8747,446,29.994017922185577,1,4.6,38113
524,16833,Water,25666,17834,645,34.83253297083747,1,8.2,21569
525,21938,Juice,39308,15433,526,23.385915857586912,1,2.6,13708
526,45195,Water,36209,8175,546,25.84849619436621,1,7.3,42726
527,36144,Juice,37387,16798,517,27.200710659651286,1,8.5,24566
528,14000,Water,12364,16528,551,22.070232305300777,0,7.4,38003
529,15052,Soda,25733,9897,471,21.215579156975853,0,6.0,20671
530,45506,Juice,27884,10037,536,32.44584299482437,1,9.6,33064
531,38074,Water,12633,12427,574,34.65191559241379,1,4.4,40724
532,48155,Energy Drink,20573,13605,688,26.07087595744488,1,2.2,12655
533,42320,Water,37089,7014,418,21.3147475429198,1,5.5,39283
534,48304,Energy Drink,16524,6381,594,20.987176410358646,1,2.3,30532
535,13913,Energy Drink,29665,6098,574,33.36977309540448,0,9.6,31752
536,27450,Soda,19101,8426,540,26.957213745915197,0,3.7,28906
537,34107,Juice,12399,8655,645,24.80040974843588,1,8.3,40763
538,30764,Water,19959,12938,492,27.146919068590993,0,8.2,12715
539,30491,Soda,44203,14101,638,24.77456142038521,1,3.7,20059
540,48494,Water,38450,5187,604,27.3355366296143,1,7.0,40806
541,13373,Energy Drink,43666,17236,447,32.89334595376906,1,2.4,36641
542,22161,Juice,28099,16948,644,28.884520565931435,0,5.9,11845
543,41996,Water,15621,15207,694,30.419806592152632,0,2.1,28698
544,37122,Water,30082,10409,527,25.47006014351505,1,9.4,29123
545,44850,Energy Drink,26994,7092,681,31.07758817765778,0,9.8,24779
546,37350,Water,39863,16836,416,29.999256273190586,0,3.8,21287
547,37472,Water,15236,7130,470,21.793429966280847,1,3.7,34258
548,38761,Energy Drink,28111,10242,668,28.58964279673377,0,8.0,18262
549,35351,Soda,16951,13549,681,23.85115244464637,0,4.0,38214
550,33132,Energy Drink,22714,10647,406,32.061435044503895,1,9.2,38352
551,25305,Soda,36332,10185,502,26.389065627004094,1,6.6,25265
552,19817,Juice,27708,10776,592,34.920262477947304,0,4.8,20819
553,21261,Soda,24404,15614,640,21.387506569084458,1,8.7,20830
554,10417,Soda,25017,17449,461,31.705217941102376,0,5.9,27527
555,30358,Juice,27161,12913,416,30.105526003132347,1,9.3,35535
556,13267,Soda,37905,12547,570,31.512482458860582,1,9.4,23361
557,27209,Energy Drink,41438,12823,424,24.612946932356845,1,3.3,31838
558,34052,Soda,43526,12355,650,27.38081734073601,1,2.0,24158
559,48513,Juice,37967,11465,652,31.947627795855624,0,9.9,21527
560,36092,Energy Drink,22408,17737,606,23.488119974312824,1,9.2,12089
561,21338,Juice,34708,6497,428,23.39049795182978,1,2.4,11382
562,10412,Juice,26440,18324,516,28.265764299423985,1,8.7,18918
563,17543,Water,20404,19519,681,27.853453692947838,0,5.7,24966
564,43496,Water,39748,15350,543,24.233937056193994,0,4.1,39980
565,33548,Juice,13268,19238,424,24.471134757872342,1,9.0,38198
566,37384,Juice,41758,7555,555,24.16767744809848,1,3.6,20266
567,48756,Juice,27228,10409,472,31.572680929977317,1,9.6,19503
568,28888,Water,33027,15534,519,29.77851298343691,1,3.6,18922
569,45735,Water,33758,7951,492,32.486257751153786,1,6.9,22699
570,27506,Soda,41538,6238,485,34.63209542471033,1,3.8,28064
571,30463,Soda,33010,14165,517,27.112464444079798,0,6.4,26055
572,27955,Juice,32259,9727,632,21.000408221081734,1,7.5,18616
573,47841,Energy Drink,14199,8965,598,20.721384656180533,1,3.5,15652
574,15104,Energy Drink,29107,10686,605,24.434975589074288,1,6.2,11674
575,44911,Water,16955,14242,546,33.98816884028676,1,5.8,16446
576,33190,Water,36335,8701,670,27.848195824563124,1,2.6,35055
577,17357,Water,28903,7780,538,24.076797741201936,1,8.5,19472
578,42479,Juice,34447,12398,580,25.98750191766529,0,4.7,27065
579,46208,Energy Drink,13375,6588,429,28.97892661107006,0,6.6,31206
580,30150,Soda,14798,17070,456,29.794244872067633,0,6.1,41180
581,15644,Juice,35638,7368,631,22.308792646743576,0,6.1,41248
582,12914,Soda,14378,10789,545,34.65547514817764,0,2.9,36418
583,31352,Soda,14351,5436,447,28.17158340474183,0,5.4,12436
584,24397,Juice,12399,7828,593,22.03532476688419,1,5.6,30658
585,10728,Soda,43564,6556,623,33.404528800192004,1,7.9,37797
586,10698,Energy Drink,36337,12570,535,21.119576466191432,1,8.7,11833
587,49954,Soda,23657,18364,421,33.61603149766269,1,6.4,29801
588,23923,Energy Drink,21785,17050,405,34.948484844334736,1,2.7,40199
589,26779,Energy Drink,23540,12480,603,30.506476987347558,1,3.9,27250
590,17400,Energy Drink,37563,14496,638,31.556708316109848,0,3.3,11388
591,34466,Water,33825,19366,584,25.059542547012295,1,3.0,11621
592,46939,Soda,18111,15576,691,34.12365279100901,0,4.9,25311
593,14360,Juice,17745,5182,619,27.945709491625514,0,3.8,16481
594,45270,Juice,15247,12190,515,30.985826698963322,1,3.7,33675
595,27101,Soda,33789,11687,448,33.861615738669194,1,2.4,35171
596,42307,Water,37224,10565,572,34.627699639632624,1,2.1,17253
597,15486,Water,20746,12241,481,32.498065348950114,1,2.8,41237
598,18335,Energy Drink,12691,12651,444,24.54526260473045,1,3.4,26164
599,31364,Soda,14711,10575,419,34.49821274828123,1,5.4,16071
600,47259,Soda,43939,6589,620,29.421792968653577,1,6.1,37043
601,33576,Juice,21749,14779,522,33.9596371452794,0,3.1,37911
602,41667,Soda,37384,13851,633,30.141575387215276,1,5.4,32826
603,21130,Water,32613,5159,620,24.608584427715808,1,4.7,40054
604,31972,Soda,24604,17145,402,25.550367862142238,0,3.5,36136
605,11167,Juice,18787,11555,581,28.257076656544108,1,2.1,41024
606,37192,Energy Drink,16005,14203,605,31.85022262339823,1,5.7,25893
607,11062,Juice,32295,13244,439,24.769738270105023,0,7.5,36481
608,28540,Juice,37562,19743,458,28.695967492012883,1,3.8,44991
609,34244,Energy Drink,33248,18333,461,25.184374903646024,1,3.1,35716
610,31545,Juice,29499,18341,531,32.23654106952661,1,9.1,15103
611,31689,Juice,13384,11846,459,27.000921406519257,1,4.2,28743
612,21174,Soda,43960,7307,521,21.150842402793277,1,3.8,31072
613,32925,Soda,38357,6228,506,22.490787822223044,1,8.9,17129
614,47497,Energy Drink,21663,12226,495,20.916570014294486,0,8.5,43747
615,19348,Soda,44339,10590,634,27.48954419021488,1,5.6,17175
616,33714,Soda,31862,11919,461,21.595059460223407,1,5.9,17242
617,48102,Juice,31219,10585,655,21.71209953964448,0,3.7,42136
618,18924,Water,36686,14227,448,34.11572390057566,0,2.6,26950
619,47098,Soda,38788,16894,558,33.08982608264083,1,6.6,13382
620,34394,Water,33663,11046,523,26.781298952170488,0,2.8,31438
621,16801,Soda,16227,17237,606,34.787079812753085,1,5.6,31561
622,47614,Soda,23162,9945,447,20.002797922559946,1,9.5,13426
623,16731,Energy Drink,42626,12927,535,29.209691844100906,0,9.6,44072
624,33625,Energy Drink,19412,17641,600,29.24642266057805,1,3.9,29611
625,27337,Energy Drink,24281,18386,649,26.861645838048325,1,7.0,30143
626,45307,Water,26258,12016,694,25.954219594014393,0,5.8,28803
627,17056,Juice,26500,19027,608,26.830747032209114,0,9.0,31862
628,21516,Soda,32227,12758,610,26.224406541195208,0,4.2,20170
629,11542,Soda,43121,18752,591,30.95738716223449,0,2.0,20944
630,31677,Soda,19942,10086,443,22.030331524599262,1,3.3,28507
631,49081,Water,16009,14456,428,22.96458830886695,0,4.8,38475
632,37569,Energy Drink,18516,12161,458,22.707773425886355,0,4.5,12932
633,33322,Juice,41268,6884,470,23.93705877681897,0,8.3,31614
634,29065,Water,33311,6809,491,27.87887628172375,0,7.4,38478
635,27924,Energy Drink,21434,8167,664,21.66813121007328,0,4.4,16545
636,32556,Water,38926,16989,619,33.02253942989756,1,5.7,11757
637,36962,Juice,40425,15533,614,24.460422969627086,0,2.8,21804
638,38295,Energy Drink,39934,11352,676,22.43806981203062,1,9.2,31099
639,23807,Water,42324,16606,463,30.134319643973647,0,9.5,15917
640,36432,Juice,20323,18399,691,20.57129450898979,0,9.8,25631
641,27749,Soda,36916,14009,644,29.299528473112463,0,8.9,29890
642,36256,Juice,27197,19087,461,30.472976460147496,0,3.4,31462
643,47080,Soda,39785,11056,569,23.223747970800787,0,2.4,20511
644,11324,Water,36040,7437,668,20.629461101654513,0,6.6,24751
645,35731,Energy Drink,37622,11468,666,25.454680383791743,0,9.3,37518
646,45909,Energy Drink,33653,14080,453,21.478913453629048,0,3.4,43015
647,33803,Water,17855,10951,415,21.747167745100057,1,2.1,40338
648,29870,Energy Drink,29985,10276,407,23.81391847167297,0,8.4,30294
649,44578,Energy Drink,44494,13859,503,24.43201886940139,1,2.6,25097
650,16588,Soda,42933,12818,458,27.94955511532131,0,5.3,22487
651,48069,Water,13424,9728,439,30.1758782825452,1,7.4,15467
652,36790,Juice,17438,7624,636,28.891564113052773,0,3.9,14846
653,35289,Soda,16347,10738,493,22.22540505934275,0,2.7,34482
654,38178,Water,35957,9232,621,22.581290486789396,0,8.2,20018
655,38710,Soda,38986,19234,603,33.18153874689372,1,7.0,19844
656,25485,Juice,19045,10793,537,28.375284725961706,1,9.9,44939
657,30652,Juice,28693,9523,699,33.04906749346534,1,4.8,17592
658,14748,Water,39743,10571,606,25.573197669798116,1,2.5,16247
659,31233,Juice,36182,19947,480,29.216000111469857,0,7.9,14580
660,19435,Soda,29893,14010,617,27.85495124081916,0,6.2,30818
661,13709,Juice,31481,15380,401,24.78685234730694,0,3.7,32440
662,40355,Soda,28775,14298,577,27.04873058050393,1,8.3,23576
663,23116,Soda,21819,7224,678,27.53736315240398,0,3.6,29320
664,35470,Juice,30645,13389,545,23.01156462135018,1,4.1,37858
665,49298,Water,34733,15863,623,24.725155585650974,1,2.7,38861
666,24683,Energy Drink,40819,11091,461,31.871146257604636,1,5.2,43579
667,10504,Juice,32997,16684,693,33.736823591811905,1,5.4,39069
668,43982,Soda,37117,15640,638,25.39691140317949,1,6.1,30313
669,44299,Soda,17282,13662,594,24.604584233135274,0,7.7,17313
670,38016,Juice,27231,11361,565,22.92795746857824,1,9.2,14617
671,33960,Water,12307,6948,621,30.17736752975872,1,3.1,13089
672,43591,Water,20140,18216,460,24.84649552499506,0,2.4,33745
673,27312,Soda,35973,17091,528,34.81624308648783,1,2.1,38504
674,47797,Soda,44729,15202,572,24.8852720309593,1,3.1,28418
675,12105,Water,15272,16992,555,25.91204070173942,0,7.3,13096
676,46395,Energy Drink,25249,19967,509,29.05001294318052,0,7.8,29322
677,32700,Juice,38402,12094,668,32.02526439786958,0,8.3,42831
678,44620,Soda,18733,18193,677,27.042779980184505,1,3.9,31419
679,47678,Soda,30317,11318,473,26.339840506834374,0,4.4,38568
680,30559,Water,36191,17310,606,34.934567503922125,0,5.9,38255
681,37509,Juice,32327,8796,678,20.157404617099168,0,2.5,42709
682,37860,Water,18204,17180,603,33.42597933276869,1,6.9,37245
683,21003,Juice,23727,5234,560,22.237112389096062,0,9.9,36484
684,31732,Juice,37865,18412,427,31.7888791431337,1,4.9,19150
685,35826,Juice,30289,14120,656,29.26897339769447,1,8.0,13272
686,40354,Soda,12172,8607,564,25.12770928247138,0,6.0,28718
687,23843,Energy Drink,37112,13043,462,33.10812433281528,1,3.0,15449
688,16190,Water,13165,5522,421,20.19360841971488,1,6.7,43724
689,27640,Energy Drink,36609,10904,469,23.400359781123854,0,4.4,21034
690,48413,Water,18681,16715,495,28.50339194374304,1,2.3,40036
691,13330,Juice,43616,17718,562,25.27313390074547,0,7.1,24332
692,29087,Soda,24142,9888,478,29.155662429774914,1,8.9,22157
693,34504,Energy Drink,22788,14821,404,20.361652901130004,1,4.8,42811
694,17114,Soda,16913,10832,519,21.746883957225688,0,5.1,23512
695,23323,Water,22084,17820,577,21.90644360327659,0,9.1,24422
696,44121,Soda,40929,12122,575,22.83925468874014,1,8.5,14830
697,20975,Soda,44879,10842,616,26.889971612008143,1,7.7,33877
698,21023,Energy Drink,24154,18963,455,31.281930493153567,0,4.0,20998
699,31447,Juice,26804,6316,586,33.58308256893352,1,9.3,31014
700,34933,Soda,35828,16049,631,32.530587954263694,1,3.2,31208
701,33959,Juice,41244,18200,654,22.953318076635252,1,7.0,35522
702,10667,Water,31570,6124,503,26.617258283459485,1,2.2,36401
703,39703,Soda,24920,10621,476,22.991173966378025,0,7.1,28612
704,19337,Energy Drink,25616,10423,629,23.96707725000786,0,4.2,22420
705,46487,Water,34955,7587,657,27.55320472267829,0,5.6,39513
706,29129,Water,12106,14215,663,21.021635370852838,0,4.8,21707
707,41921,Energy Drink,32446,10672,581,23.2726149438991,0,3.4,28378
708,43307,Soda,23731,6378,655,34.03067241960676,0,7.0,24792
709,37355,Soda,38208,8374,437,26.991744389877333,1,9.1,40108
710,47732,Water,15068,6519,575,26.680797889668085,0,9.7,25827
711,14835,Soda,31410,10777,426,20.218507321269183,1,3.5,24280
712,30159,Juice,27872,12935,675,23.710996205875187,1,7.7,34531
713,48810,Energy Drink,33196,11093,539,32.994386539732716,1,7.3,31582
714,48088,Juice,14140,13418,698,22.46942642388003,0,4.7,14869
715,23216,Soda,31139,10355,686,26.226874093020818,1,2.2,28400
716,45547,Water,30528,9968,490,20.21496358800502,0,7.5,36072
717,41471,Energy Drink,30501,14083,460,27.175032225058338,1,9.6,44732
718,27308,Soda,31915,10574,562,20.315316600893258,1,7.1,32483
719,37532,Soda,34323,9072,542,32.294143295987,0,5.5,23747
720,44349,Water,38564,18324,652,32.37280651230655,1,6.2,18882
721,15713,Water,20904,7257,668,31.816132824535547,1,3.6,40708
722,14804,Juice,39226,15980,690,24.250461033366772,1,8.0,38741
723,20136,Energy Drink,28442,13588,586,32.55855827332727,1,8.0,19144
724,10009,Energy Drink,14542,18411,690,28.14497198907904,0,3.2,18021
725,29255,Water,13932,15270,485,25.607121633005036,1,9.0,35385
726,33793,Juice,23029,17936,565,29.379949395563493,1,4.2,21879
727,39548,Energy Drink,37901,9424,513,20.18511569090561,0,9.9,21590
728,47892,Water,35353,8237,582,22.144413164011283,1,5.1,16389
729,11015,Soda,38024,18770,606,31.134403072553944,1,3.4,20159
730,37712,Energy Drink,29069,8893,655,23.662424130742295,1,4.8,25678
731,44961,Juice,26526,18239,634,28.970136759931243,1,5.5,35983
732,18415,Juice,16865,7005,402,25.776539042345444,0,2.6,22600
733,33833,Juice,22830,7016,607,32.82208668198892,1,6.6,22340
734,14158,Soda,26322,16363,596,34.286229589949656,0,6.8,20865
735,30309,Energy Drink,14923,15860,524,33.253470925552854,1,7.9,27392
736,16970,Energy Drink,19280,15070,537,24.05929992040395,1,2.2,17346
737,16938,Soda,31741,14388,424,22.912443035691233,1,6.3,27640
738,31168,Energy Drink,36276,6772,467,27.116523404311025,0,2.4,35015
739,30384,Soda,44945,13353,460,20.110012262542703,1,7.6,12255
740,28017,Soda,42792,8976,428,20.387140892947727,1,2.4,11580
741,20344,Soda,33204,6751,418,28.299359594345,0,9.3,13785
742,18702,Juice,25901,13967,570,27.80674106247929,0,7.6,29328
743,10384,Energy Drink,32993,12430,473,34.9187298355289,0,6.1,40087
744,10404,Soda,37926,19115,460,23.02762753045637,0,5.5,11414
745,39189,Energy Drink,15905,19609,552,23.871558937407027,1,3.0,42862
746,22763,Juice,25526,12170,675,21.7031096348943,1,4.3,14836
747,28384,Soda,39713,18339,447,33.763145144806174,1,9.0,39666
748,42606,Water,24666,11469,610,31.667168666876762,1,9.2,27546
749,19860,Juice,30871,14131,538,32.335086671852714,0,2.0,33503
750,48757,Water,31396,8220,509,33.54145681946763,1,6.8,28485
751,25106,Energy Drink,18087,5539,582,27.873499800887572,1,7.8,27350
752,33574,Energy Drink,23953,19823,427,26.767897871760855,1,6.9,39427
753,33524,Juice,23038,18109,596,24.95587210498425,1,2.7,36761
754,13636,Energy Drink,12864,6461,590,28.838219215217833,0,3.7,27564
755,20916,Water,12798,10184,450,26.81417595184734,1,4.0,15017
756,14809,Soda,39446,13547,548,26.77348379908363,1,8.7,15144
757,42201,Soda,21011,16796,667,34.05391795596708,1,5.7,38301
758,23456,Soda,29096,16515,449,34.76047271418695,0,5.9,29116
759,48765,Juice,21857,5234,645,31.94726583994371,0,9.5,27503
760,44816,Energy Drink,43042,19562,512,31.351371353703925,1,7.1,34219
761,27100,Water,20556,6548,569,30.208372426686523,1,9.2,40235
762,31949,Energy Drink,26178,12480,565,22.491122785002705,1,5.7,32474
763,14544,Energy Drink,40800,15288,413,20.886587313134818,0,3.2,36996
764,47744,Energy Drink,39783,9213,602,30.360894726698945,1,9.4,37077
765,36657,Soda,18141,15293,687,30.93179333384864,1,5.7,23273
766,46187,Water,38487,6673,588,20.704594866472096,1,3.5,20500
767,17239,Water,27120,11708,554,33.92077625343272,0,4.4,38289
768,24489,Energy Drink,27937,18355,454,21.367109591670165,1,2.4,23979
769,38538,Soda,16404,12982,581,24.288508006568037,1,5.7,41737
770,42049,Soda,14659,7100,609,30.08584719198057,0,8.8,13602
771,47131,Water,36021,16849,474,22.548088916067144,0,9.5,13214
772,18427,Soda,28383,17845,676,20.831238326633667,1,9.5,42536
773,34285,Soda,26416,16788,532,24.967197337462245,0,3.0,33135
774,47626,Soda,36073,8748,458,31.489573622827685,1,5.1,24061
775,32928,Juice,37261,8173,581,26.205180184778904,0,2.2,36733
776,29198,Energy Drink,17243,6815,463,29.794593828619092,0,8.8,33941
777,29758,Water,32137,8841,659,28.69428645842205,1,4.9,29178
778,25254,Water,16466,15197,592,20.333277230383707,1,7.0,14586
779,11252,Juice,36795,13016,542,34.828099805685596,1,7.7,38661
780,49764,Energy Drink,33679,12011,503,20.621421332290815,0,5.4,40478
781,22173,Water,43568,9493,613,34.51704106472727,1,4.5,17060
782,47441,Soda,14275,5674,641,28.24796267546597,1,9.7,39954
783,36698,Water,13882,13088,608,34.447385405976,1,9.7,40877
784,25781,Soda,21312,13578,492,21.72130399120753,1,4.3,29793
785,23051,Juice,20636,7158,541,27.356127787782697,1,5.8,33396
786,49649,Soda,20150,7661,511,22.54256137799088,0,9.8,24150
787,16949,Water,41906,7064,458,20.764623155336636,1,2.0,20760
788,18017,Water,20235,17043,442,29.262936725934672,1,5.3,35616
789,16941,Water,20974,8253,606,23.116751314425372,0,2.8,40338
790,35934,Juice,37060,9979,667,28.815455274313187,1,6.1,33325
791,33386,Juice,26841,12703,695,21.685467229234785,1,2.2,28516
792,20209,Energy Drink,37631,17828,517,24.97979707149054,1,5.3,16613
793,27715,Water,14157,17458,419,31.72448837079871,1,3.8,13054
794,38920,Soda,28089,19744,621,26.555772827632815,1,6.3,26292
795,41703,Juice,13109,13931,565,29.416181223460043,0,10.0,12915
796,14637,Water,14067,6401,530,29.71186911118319,0,8.4,30465
797,14854,Water,41912,8259,555,32.656325659809404,0,8.8,24167
798,47660,Juice,16595,15469,583,24.87384191609962,1,7.1,36805
799,49811,Energy Drink,29569,17096,489,30.309433438737763,0,2.3,21565
800,29856,Juice,25566,8923,493,34.424237105692484,1,3.7,31263
801,31833,Juice,23462,9214,412,30.95365001536802,1,9.4,29396
802,29963,Soda,41694,8227,692,27.348057150766167,1,4.9,11409
803,46932,Soda,12720,16023,629,29.46076166737894,0,2.8,13693
804,37169,Energy Drink,33905,16950,691,31.09524346644662,0,7.6,21049
805,17941,Water,43792,15704,425,29.184136485408086,0,4.4,41025
806,24388,Juice,30485,15343,474,20.250137202347588,1,4.2,16211
807,15569,Energy Drink,42915,16867,698,22.92160246530839,0,10.0,35242
808,14300,Soda,13724,7745,549,32.15702325823199,1,8.9,44101
809,49037,Juice,25820,11091,547,24.08975970968727,0,5.3,37931
810,46586,Water,20585,8866,407,30.973431793417006,0,9.8,19449
811,22015,Soda,36117,16956,428,25.581803228625482,1,7.2,41907
812,16254,Soda,44382,18993,695,27.828264922369147,1,7.9,14392
813,27144,Soda,20465,10818,608,21.019599497291054,0,2.3,27049
814,34214,Energy Drink,33587,7222,527,22.71838341574564,0,3.0,41204
815,25183,Water,18537,7792,515,34.35795445278852,0,7.1,32892
816,16238,Juice,30655,14889,543,33.35207080170371,1,9.2,25210
817,16090,Energy Drink,27309,18732,634,29.784126663485754,1,7.0,21132
818,21637,Energy Drink,44076,16654,406,26.89466896078606,0,3.1,23909
819,32415,Energy Drink,32081,9063,444,30.136419393428355,0,2.9,28426
820,34071,Soda,23533,19047,638,29.279154336409086,1,8.8,22017
821,28271,Water,15765,6524,554,28.528283834069182,0,3.1,43952
822,46034,Energy Drink,16991,17952,580,20.887656077953128,1,6.2,42741
823,43434,Juice,19435,13224,614,29.492039159922605,1,2.3,40635
824,14188,Water,20281,11198,487,31.533800668567526,1,2.6,25486
825,20161,Juice,40070,9025,655,34.91122481968363,1,7.4,34581
826,38732,Water,30520,7566,472,20.166178288914644,1,7.5,41720
827,21314,Juice,29271,7803,578,30.95260179966015,1,4.7,39951
828,33954,Soda,15787,17088,611,28.576839739039706,0,3.7,25233
829,31508,Energy Drink,40384,8709,692,26.51078264121435,1,8.5,15043
830,31969,Juice,35852,11155,633,21.913552618570563,1,3.7,13802
831,47545,Water,14233,18839,638,26.136277229523145,0,6.3,30725
832,46668,Energy Drink,35358,5719,622,25.31565774479203,1,9.7,32938
833,33061,Energy Drink,29936,19890,518,24.542448334681133,0,3.2,39932
834,23716,Water,14696,11516,663,30.963194349833117,1,9.5,21122
835,49749,Juice,27123,9579,606,30.510882819263955,0,3.5,16902
836,49144,Soda,27994,5972,494,28.835301364713672,0,6.5,24041
837,26907,Soda,17470,8718,621,34.079972199400586,1,5.0,23183
838,28777,Juice,43208,12395,675,25.24781576271282,1,9.7,15720
839,37693,Energy Drink,40049,19958,630,23.657029065652694,1,4.2,33939
840,36329,Energy Drink,34077,9402,518,29.838549696475994,1,5.2,28418
841,26282,Energy Drink,27255,9552,667,22.982210914061042,0,9.9,35587
842,33624,Energy Drink,25588,7207,672,24.72515760775137,0,6.3,23153
843,33321,Juice,33482,9426,463,23.369036601123273,0,6.0,22242
844,20488,Energy Drink,29999,11919,697,21.03730351577752,1,4.1,27199
845,32574,Water,14055,17512,410,32.4124811245351,0,7.6,40862
846,15240,Energy Drink,28912,16222,497,23.81810814382492,1,2.1,12609
847,20478,Soda,38611,16767,470,27.095412550145312,1,2.4,38413
848,29262,Energy Drink,27154,18767,457,20.649729098814678,0,6.8,23703
849,14432,Juice,13714,16308,689,30.490091993789648,1,4.7,40093
850,39721,Soda,37947,16477,650,24.958415034594363,0,9.6,38324
851,23568,Juice,18645,18370,675,31.17105091743815,1,9.2,23020
852,24178,Juice,20534,13835,449,26.18604590701799,0,7.7,34668
853,32195,Soda,17435,17903,615,22.93633409608437,1,8.5,16637
854,10302,Juice,22897,13386,451,27.69762623423054,0,7.3,41499
855,27022,Juice,36972,17188,670,21.957568394561598,0,3.0,24901
856,10055,Energy Drink,29139,13680,483,26.60808739809492,1,8.1,26627
857,18717,Water,18761,7204,692,24.7595821613073,1,3.7,35069
858,38699,Juice,40968,15849,525,33.67939376299449,0,4.6,38953
859,18150,Juice,41026,10345,695,20.913930825810798,1,8.6,19226
860,12125,Juice,40729,19747,471,30.410261211586132,1,6.3,33570
861,26748,Energy Drink,19880,8276,695,22.741267489811538,1,8.9,24479
862,49577,Water,26890,6102,635,24.7856761149836,0,3.7,23693
863,14621,Soda,44504,10243,455,26.23271094593099,0,6.9,34538
864,25034,Energy Drink,37476,11614,509,33.62022634062461,1,2.7,24317
865,15126,Energy Drink,12896,14433,591,23.638673991107378,1,7.1,22931
866,15122,Water,14151,13707,492,21.369632038170053,0,8.1,39461
867,28030,Water,27309,18913,455,24.780344059857853,1,6.7,14668
868,27302,Energy Drink,42004,10223,459,21.570139558033,0,4.1,34061
869,29181,Soda,29777,13584,537,21.92894728940829,1,2.3,19644
870,48638,Energy Drink,28427,5630,438,28.6077589696254,1,3.0,11773
871,11531,Water,15480,16908,427,20.9135289964924,1,7.0,16878
872,33333,Soda,33673,15039,448,20.46396322090349,0,9.5,31724
873,49650,Water,39129,15847,524,30.716211522057467,0,3.7,35183
874,44674,Soda,24553,14171,412,25.424706422615667,0,7.9,11960
875,45854,Juice,37595,17721,435,21.8806302385081,0,8.9,12479
876,18152,Water,43827,16594,500,23.804191562895625,1,6.2,41710
877,48518,Water,18724,17063,681,29.631297610285984,1,7.4,13724
878,20267,Energy Drink,29269,11683,485,24.13304850711277,0,8.5,41428
879,35289,Water,21475,5277,403,27.417816876806118,1,4.1,18950
880,11062,Water,38164,5232,622,21.825429600900083,1,4.4,36225
881,39926,Juice,31060,14744,565,28.821404564081703,0,2.0,21703
882,16229,Water,32941,10690,677,24.741165257648962,1,9.7,40232
883,14632,Juice,38331,18401,529,29.404526517930748,1,9.3,34890
884,49056,Juice,25067,12659,430,32.12592323456035,0,8.1,24811
885,13596,Juice,42197,16462,410,29.174696290849887,1,2.6,13825
886,16168,Juice,29589,15601,495,24.43621343892531,1,5.6,35978
887,17561,Soda,17212,16704,589,23.836155523224505,1,2.8,32069
888,18258,Energy Drink,34964,5025,591,24.91131438100172,0,2.1,11348
889,26616,Soda,38177,18705,665,22.469307698547574,0,6.9,11567
890,36734,Water,22453,19842,527,22.717577762750302,1,9.7,38546
891,16371,Soda,40286,12468,637,31.860366528502517,1,9.2,20004
892,36069,Soda,41902,11410,511,25.770988647611674,1,7.6,32719
893,24369,Water,21137,13652,544,26.539927708558785,0,2.8,26579
894,22910,Water,44456,8764,464,28.910741983502167,0,4.2,40390
895,17943,Water,16643,11599,646,28.844802427273216,0,4.6,42197
896,22199,Soda,18666,16623,622,21.010653072828887,1,8.1,44892
897,25728,Soda,18079,18379,505,32.47311179506498,1,8.4,16436
898,33275,Water,41501,10102,580,22.659898298359092,1,5.1,40375
899,16738,Energy Drink,33591,12006,583,30.846074540745033,1,5.3,20228
900,25913,Energy Drink,17019,8483,625,31.5900648219225,1,2.4,31190
901,45240,Juice,26530,6994,664,30.723493011369705,0,4.3,28319
902,29123,Water,32304,13682,677,28.684664698312176,1,5.6,11857
903,44529,Juice,14754,6072,488,20.219134956633244,1,2.9,42731
904,20167,Energy Drink,41119,11707,575,25.40563238544756,1,5.6,13893
905,20554,Juice,38518,16365,417,29.072591440438718,0,8.8,34477
906,27260,Water,28671,5215,505,25.81176943883808,1,6.7,37743
907,13812,Water,43915,12605,670,32.952198423692195,0,2.6,38090
908,38024,Water,25786,14915,566,24.63203413024423,0,3.5,15822
909,37285,Soda,44475,14784,412,24.403021886879905,0,5.8,26355
910,36900,Juice,34041,7606,431,23.98996539638987,0,4.9,39243
911,11605,Energy Drink,32944,13350,439,24.991713034411934,0,4.9,21465
912,15622,Energy Drink,17476,19824,547,28.361074464712807,1,6.2,27036
913,16767,Energy Drink,41103,9781,617,30.60522941408886,1,6.7,20456
914,37139,Soda,26107,8313,618,29.938518766081778,0,8.4,26894
915,21613,Soda,17353,16033,481,32.115767299722194,0,4.7,41214
916,20589,Water,12416,14968,607,33.28870993246137,0,8.4,26610
917,23918,Energy Drink,30471,15244,600,32.24118563515027,1,4.7,30012
918,30119,Soda,29404,12763,437,20.28418105061532,1,2.4,24884
919,37446,Water,35738,10939,610,31.03876930327983,0,6.4,26778
920,23046,Energy Drink,41378,19696,648,23.125993604274974,1,6.7,11762
921,34818,Juice,14620,19794,626,21.99392064061974,1,9.5,20826
922,45358,Water,36139,7295,447,29.577331771987033,0,7.8,25984
923,14324,Soda,18184,10685,417,24.796147931115424,0,9.3,32640
924,20787,Soda,40319,6696,694,20.85675745055665,1,9.3,26439
925,19111,Water,39029,16185,595,22.06444601597542,1,6.8,22651
926,48110,Water,29846,15661,586,20.013941253049417,1,6.2,24348
927,26389,Soda,35438,6946,623,33.54835441017061,0,6.5,19427
928,24043,Juice,22373,17001,628,20.36926975761858,0,9.8,42451
929,38746,Energy Drink,27548,19350,476,23.141836542642665,0,8.2,28858
930,32350,Juice,39114,7783,587,26.24394171031861,1,2.9,11702
931,10117,Water,27155,8644,669,25.348569889262286,1,8.2,11906
932,28935,Juice,23807,10241,494,33.67588815369164,0,3.4,44087
933,23234,Soda,28309,11420,531,20.604334186018132,1,5.6,18723
934,48328,Water,39332,18869,438,27.683220615155776,0,3.7,38439
935,10846,Energy Drink,23061,15692,471,30.20719193786561,1,7.5,13216
936,20954,Soda,17734,12557,680,33.97546960521753,0,9.0,42339
937,23703,Soda,35496,16837,559,29.305568781855815,1,4.3,40761
938,32700,Energy Drink,39257,7645,586,32.05632854017644,1,2.7,30524
939,42043,Energy Drink,15321,11589,590,21.255874067680224,0,4.4,11553
940,16469,Juice,19915,11353,519,25.78909266405391,0,7.4,19951
941,40105,Water,16685,15541,619,25.609207017186012,0,4.6,24980
942,36386,Energy Drink,23482,6932,452,33.294323246835766,0,4.2,26777
943,46976,Energy Drink,26861,16486,621,22.270567568949126,0,3.5,21296
944,49051,Water,36711,6757,530,22.278292585049453,1,6.0,12361
945,12048,Energy Drink,33487,19338,636,24.928372248286976,0,4.2,31166
946,49001,Energy Drink,32490,10085,645,20.816990710502562,0,7.8,28940
947,22941,Juice,23628,10637,625,22.736870609787353,0,2.6,20801
948,11828,Soda,39767,6116,607,34.478144578186026,0,7.3,12531
949,11917,Soda,27552,15759,495,26.422759098007592,0,3.9,44817
950,30618,Soda,44310,16691,599,29.480288126336546,1,5.9,27517
951,42254,Soda,32926,5492,646,30.891668890169555,0,4.3,36765
952,49756,Energy Drink,16166,16498,471,25.50442110510801,0,7.8,26515
953,30128,Water,34313,13811,584,22.208406116157754,0,9.6,12706
954,10009,Water,22728,16424,405,23.098715243326712,1,9.3,21699
955,26644,Juice,34648,12888,605,24.698997148709154,1,6.7,22053
956,32422,Juice,14298,17015,431,29.541026305283385,0,5.7,39544
957,19865,Energy Drink,17771,11474,498,25.974208236335816,0,8.5,33330
958,12219,Water,40239,15572,655,20.102220468501923,1,7.5,20545
959,49809,Water,19496,19385,586,27.85110777601208,1,3.5,43911
960,15287,Soda,39622,14738,475,33.82270087861127,1,8.6,22102
961,44387,Energy Drink,21216,9958,576,32.181164165130184,0,5.4,44940
962,18512,Energy Drink,33215,18979,686,32.37817056889447,0,3.5,44870
963,11342,Soda,34906,16755,654,31.92587026409197,1,4.3,17703
964,29216,Energy Drink,28917,14797,589,24.855962384156356,0,4.1,21805
965,37534,Energy Drink,22075,16944,526,31.47790750631588,1,6.2,27653
966,24231,Juice,19017,19607,686,22.147420367167896,1,3.9,33663
967,42293,Water,13095,17867,653,29.865742209139302,1,3.0,29071
968,36614,Energy Drink,22030,15082,612,29.623528500274915,0,3.0,43968
969,46258,Juice,33554,14467,649,20.38354698634602,1,6.7,35684
970,38253,Water,42964,19895,483,31.819552003863976,1,7.9,18406
971,27988,Soda,40749,7743,412,33.548721576426956,0,4.6,14797
972,41037,Juice,37280,19143,444,24.011229177081617,1,2.3,34483
973,22219,Juice,38018,12866,526,32.18586086279226,0,3.0,16597
974,10235,Water,33944,15685,513,21.236089577929224,1,9.3,37834
975,11908,Soda,20589,12160,675,28.99951787391599,0,5.9,21747
976,18567,Juice,41937,10451,604,27.284702980014156,1,5.6,22282
977,46298,Energy Drink,34134,10258,672,28.188852999635,1,2.3,11614
978,15256,Energy Drink,30494,13548,457,33.89307802826518,1,7.8,34909
979,29019,Energy Drink,15662,18912,618,33.069728708702804,1,6.2,15072
980,18162,Soda,26752,19609,508,31.776254858596356,1,3.6,37334
981,15415,Juice,27191,12186,678,24.105476865175564,0,2.9,27850
982,46159,Energy Drink,40530,11102,573,33.67727943029138,0,5.1,37719
983,15951,Soda,30039,19646,663,21.462615386958127,1,8.7,30957
984,31852,Energy Drink,24553,14061,510,32.79993824838182,1,8.9,14032
985,18007,Water,44234,14077,586,24.922401085304116,1,6.8,37090
986,40523,Juice,15653,15193,668,20.806584674929752,0,7.8,13605
987,33325,Juice,25944,19489,628,30.040354763611226,0,2.9,27406
988,31204,Soda,13386,18701,555,23.46919892473933,1,6.7,17066
989,25524,Soda,36416,14475,588,23.65356688796948,0,7.3,36641
990,29282,Juice,42296,5619,671,24.590707493431573,1,3.6,42016
991,33930,Energy Drink,21241,5882,401,20.955271512537752,1,9.0,29951
992,10077,Energy Drink,40325,13988,645,22.65690716297381,1,3.6,29041
993,30611,Water,21643,8642,609,20.077094413783403,0,4.5,37033
994,26984,Energy Drink,42055,19460,685,26.681142816586803,1,7.0,11421
995,24060,Soda,36880,16617,412,21.26383066126957,1,7.1,42224
996,27449,Soda,38561,6296,495,30.239789075662983,1,7.6,17913
997,28520,Energy Drink,12594,17906,620,23.534342767874726,0,2.9,44464
998,19510,Soda,43772,19122,637,34.15361216052766,0,8.8,36098
999,39287,Juice,35980,13436,493,33.068774410979785,0,6.3,37380
1000,38173,Juice,22056,7895,668,24.341613424523125,1,5.8,33396
1001,49711,Energy Drink,39370,11593,570,31.748231819850183,0,9.8,27168
1002,21954,Juice,21290,5929,493,32.048673569972095,1,7.9,30542
1003,17804,Juice,40800,10366,548,34.79844671171615,0,2.9,12816
1004,16565,Water,15715,13711,511,28.967599802685275,1,8.1,32308
1005,15984,Water,35221,8212,454,21.22948601965493,0,2.8,32380
1006,31526,Juice,29843,7409,515,29.702558433895714,1,2.2,41328
1007,47438,Energy Drink,15185,13199,542,29.374696225640527,0,5.2,28315
1008,28574,Water,19982,15717,600,29.575258661306478,0,9.9,13853
1009,19184,Soda,12409,8423,579,24.607184721563172,0,3.4,21584
1010,29096,Soda,27469,15211,601,32.89519377620499,1,7.4,33377
1011,12192,Soda,21941,17782,452,34.39208274433118,0,3.4,19324
1012,44016,Energy Drink,31745,18917,579,23.265687694672273,0,7.8,20717
1013,21246,Juice,21808,11976,536,21.322282372049667,0,6.0,38940
1014,28381,Soda,21897,12594,581,22.91802549752726,0,7.4,30970
1015,46455,Energy Drink,36525,10158,400,32.30828208883578,1,3.6,28412
1016,36727,Water,13588,19928,443,30.149669522297714,0,8.0,21997
1017,14018,Juice,41795,17474,626,29.540710135086897,1,10.0,35918
1018,21302,Water,40124,8667,497,26.026897026641368,1,7.3,20960
1019,11970,Energy Drink,34037,16863,607,28.667419572671534,1,5.9,36125
1020,37202,Soda,31576,15993,664,24.61811187911551,1,9.4,13615
1021,41110,Soda,41445,10973,687,27.15800119126942,0,2.1,40428
1022,27586,Energy Drink,18115,11236,670,31.895945425559837,1,7.8,28110
1023,34519,Soda,14605,13277,539,34.71862396183193,1,9.1,26049
1024,41273,Juice,19903,16307,636,33.987333853847026,1,2.5,31872
1025,31951,Energy Drink,38221,17424,471,34.00798914269373,1,5.6,32316
1026,25374,Water,13144,7468,554,26.033356022706684,0,3.6,15706
1027,15788,Energy Drink,31232,11217,589,27.031848207601865,0,6.5,36772
1028,15408,Juice,44849,8619,667,30.584530945534723,1,7.2,20562
1029,35053,Juice,40237,6636,506,33.83287892076926,1,4.4,41792
1030,19446,Energy Drink,29207,13155,631,22.12991389028127,1,5.7,38852
1031,10922,Energy Drink,14100,8583,441,24.563627957407938,0,4.2,22936
1032,43187,Soda,39435,9009,589,22.088702668911644,0,5.0,38511
1033,20789,Juice,31766,8326,538,29.18012794939183,0,3.3,23278
1034,42184,Energy Drink,15792,15410,502,24.594514953313062,0,9.1,14656
1035,11120,Energy Drink,15097,13148,570,24.891617787688602,0,2.1,43713
1036,42154,Juice,42017,19039,672,21.06373939231969,1,9.1,33275
1037,27334,Energy Drink,34083,7217,620,25.24694092711388,0,6.6,26643
1038,12336,Soda,39366,19075,612,32.93744761102378,0,4.7,24674
1039,48141,Juice,41006,9967,455,23.496092178362524,1,7.8,22208
1040,12243,Soda,30868,7369,501,30.427811993150986,0,6.1,44373
1041,29029,Soda,29075,8638,591,29.44442517407889,0,6.0,15797
1042,42265,Soda,26204,15695,599,32.95226912553673,0,2.9,21874
1043,47380,Soda,22459,14135,632,21.984319214765573,1,5.1,27635
1044,33710,Juice,26341,10722,626,34.66384940517565,0,3.9,27382
1045,39486,Soda,37538,16029,538,28.739429690605483,1,2.1,27158
1046,16371,Soda,31863,15852,548,34.932112285202216,1,4.9,17182
1047,16359,Energy Drink,41453,16128,514,33.672720887987765,0,2.7,16141
1048,45996,Juice,26631,9444,462,23.32275908169659,0,4.1,19848
1049,30103,Juice,32033,12618,503,20.842430148549695,0,2.7,42115
1050,24382,Water,32833,8947,555,23.834586406930423,0,2.8,15065
1051,28755,Juice,31526,6676,672,27.913454734991298,1,3.6,36813
1052,45659,Juice,35186,6196,405,22.57394550597785,0,10.0,36817
1053,13756,Water,19835,17297,546,22.511896167769827,1,2.0,38579
1054,30609,Juice,28908,7787,583,26.938903206577297,1,7.1,41173
1055,26478,Juice,15439,12432,427,20.499019567540376,1,3.1,20127
1056,45442,Juice,24688,14653,437,21.828321237984056,1,9.4,18828
1057,49666,Juice,28093,12927,518,26.237920091119214,1,2.7,26960
1058,20147,Water,33523,8318,692,20.946948638119498,0,9.6,20196
1059,43561,Juice,43367,13858,643,25.95132584683294,1,6.9,36032
1060,44884,Juice,31821,11689,467,27.110093989226677,1,2.0,32712
1061,15779,Water,36538,18810,613,26.768999211096716,0,9.2,40780
1062,22298,Energy Drink,28706,7176,617,33.03762286104631,0,6.2,14042
1063,24153,Soda,32925,8743,576,27.950936825775987,1,4.1,42134
1064,20789,Energy Drink,14340,13792,698,27.01970693717065,1,8.1,21150
1065,22999,Water,20394,15844,563,26.160638680874992,0,9.4,27810
1066,10814,Soda,23941,9422,457,32.2643506745673,1,5.9,26053
1067,20541,Water,27592,8824,668,33.425849059997496,0,4.5,36910
1068,34938,Water,13506,17098,457,32.798637037956766,0,8.3,25436
1069,12443,Juice,16620,14171,687,30.103198671970862,1,7.5,43094
1070,20457,Soda,21134,7451,504,22.060426189530112,0,9.1,41710
1071,20380,Juice,44060,5628,627,24.153049542380185,1,7.5,40685
1072,17783,Soda,22934,14821,646,20.69094595522966,1,3.9,13654
1073,27368,Water,27907,12778,587,33.96236112485171,1,9.5,40081
1074,25328,Water,18471,8696,482,29.911977945363656,0,2.8,37630
1075,36215,Energy Drink,32155,16622,585,31.195443264698625,1,4.1,14743
1076,43595,Soda,21262,8674,651,24.673576093733434,0,6.2,14875
1077,37306,Juice,18830,8929,637,32.68480283416014,1,6.5,14664
1078,29915,Energy Drink,29046,7765,583,23.894049255627177,1,2.1,11632
1079,49915,Energy Drink,12181,9369,683,20.024656356686744,0,8.2,29766
1080,47219,Energy Drink,12252,17972,609,25.64622443781041,1,4.9,44102
1081,25343,Juice,19229,13307,695,28.561422214386102,1,5.3,26055
1082,48727,Energy Drink,13211,9956,496,27.180572869482837,0,8.5,29500
1083,10126,Juice,15564,15195,607,32.93114213864895,0,5.0,43918
1084,37632,Energy Drink,23182,5692,536,21.581079289342505,0,2.4,19862
1085,30530,Juice,38485,8162,583,28.307351609505883,1,3.4,40223
1086,49964,Water,30877,6105,475,27.69469024731361,0,9.6,29690
1087,13368,Water,28918,19659,686,24.220894732582444,0,2.6,30469
1088,13797,Water,21685,8008,541,32.33342168865516,1,4.8,22832
1089,23718,Water,42747,7161,636,31.292729838233093,0,6.0,30203
1090,44560,Water,25101,19080,424,30.992887809977464,1,5.9,13718
1091,21053,Energy Drink,14874,13345,689,33.14288717404334,1,2.0,37056
1092,32116,Energy Drink,32363,19188,466,30.841769009322817,0,6.0,20858
1093,46244,Energy Drink,15756,18715,649,23.4776193757209,1,5.1,41206
1094,46185,Juice,23392,8699,517,30.58344067474537,0,9.8,23664
1095,11645,Juice,28744,18577,472,24.615542200847656,0,3.3,16070
1096,29256,Juice,40849,17602,681,23.63261975521206,0,4.8,34736
1097,45840,Juice,28287,8786,409,21.09505389349441,0,5.4,16804
1098,44622,Water,35174,14256,610,31.16042870521515,1,5.1,36686
1099,47430,Water,44762,9200,551,30.66501442924717,1,7.3,43923
1100,49282,Water,16339,19212,404,23.517492165111406,0,3.7,37559
